<?xml version="1.0" encoding="utf-8"?>
<ApplicationPackage SchemaVersion="1.0" AutodeskProduct="Revit" Name="ricaun.RevitTest.Application" AppVersion="1.3.2" ProductType="Application" ProductCode="65f304b3-8efb-464d-b08a-12cfd61a1986">
  <CompanyDetails Name="ricaun" />
  <Components Description="Revit 2017">
    <RuntimeRequirements OS="Win64" Platform="Revit" SeriesMin="R2017" SeriesMax="R2017" />
    <ComponentEntry AppName="ricaun.RevitTest.Application" ModuleName=".\Contents\ricaun.RevitTest.Application\1.3.2\2017\ricaun.RevitTest.Application.addin" />
  </Components>
  <Components Description="Revit 2025">
    <RuntimeRequirements OS="Win64" Platform="Revit" SeriesMin="R2025" SeriesMax="R2025" />
    <ComponentEntry AppName="ricaun.RevitTest.Application" ModuleName=".\Contents\ricaun.RevitTest.Application\1.3.2\2025\ricaun.RevitTest.Application.addin" />
  </Components>
  <Components Description="Revit 2018">
    <RuntimeRequirements OS="Win64" Platform="Revit" SeriesMin="R2018" SeriesMax="R2018" />
    <ComponentEntry AppName="ricaun.RevitTest.Application" ModuleName=".\Contents\ricaun.RevitTest.Application\1.3.2\2017\ricaun.RevitTest.Application.addin" />
  </Components>
  <Components Description="Revit 2019">
    <RuntimeRequirements OS="Win64" Platform="Revit" SeriesMin="R2019" SeriesMax="R2019" />
    <ComponentEntry AppName="ricaun.RevitTest.Application" ModuleName=".\Contents\ricaun.RevitTest.Application\1.3.2\2017\ricaun.RevitTest.Application.addin" />
  </Components>
  <Components Description="Revit 2020">
    <RuntimeRequirements OS="Win64" Platform="Revit" SeriesMin="R2020" SeriesMax="R2020" />
    <ComponentEntry AppName="ricaun.RevitTest.Application" ModuleName=".\Contents\ricaun.RevitTest.Application\1.3.2\2017\ricaun.RevitTest.Application.addin" />
  </Components>
  <Components Description="Revit 2021">
    <RuntimeRequirements OS="Win64" Platform="Revit" SeriesMin="R2021" SeriesMax="R2021" />
    <ComponentEntry AppName="ricaun.RevitTest.Application" ModuleName=".\Contents\ricaun.RevitTest.Application\1.3.2\2017\ricaun.RevitTest.Application.addin" />
  </Components>
  <Components Description="Revit 2022">
    <RuntimeRequirements OS="Win64" Platform="Revit" SeriesMin="R2022" SeriesMax="R2022" />
    <ComponentEntry AppName="ricaun.RevitTest.Application" ModuleName=".\Contents\ricaun.RevitTest.Application\1.3.2\2017\ricaun.RevitTest.Application.addin" />
  </Components>
  <Components Description="Revit 2023">
    <RuntimeRequirements OS="Win64" Platform="Revit" SeriesMin="R2023" SeriesMax="R2023" />
    <ComponentEntry AppName="ricaun.RevitTest.Application" ModuleName=".\Contents\ricaun.RevitTest.Application\1.3.2\2017\ricaun.RevitTest.Application.addin" />
  </Components>
  <Components Description="Revit 2024">
    <RuntimeRequirements OS="Win64" Platform="Revit" SeriesMin="R2024" SeriesMax="R2024" />
    <ComponentEntry AppName="ricaun.RevitTest.Application" ModuleName=".\Contents\ricaun.RevitTest.Application\1.3.2\2017\ricaun.RevitTest.Application.addin" />
  </Components>
  <Components Description="Revit 2026">
    <RuntimeRequirements OS="Win64" Platform="Revit" SeriesMin="R2026" SeriesMax="R2026" />
    <ComponentEntry AppName="ricaun.RevitTest.Application" ModuleName=".\Contents\ricaun.RevitTest.Application\1.3.2\2025\ricaun.RevitTest.Application.addin" />
  </Components>
</ApplicationPackage>